kjkjkj@jjj.com,ijninj,ljnnjnj
khhbh2@gfch.com,njkj,knkkj
kjkjnjnkj@jkjjk.com,kjkjnkjn,lknkjnkjknj
kjkjnjnkj@jkjjk.com,kjkjnkjn,lknkjnkjknj
kjkjnjnkj@jkjjk.com,kjkjnkjn,lknkjnkjknj
kjkjnjnkj@jkjjk.com,kjkjnkjn,lknkjnkjknj
mknkjn@ijjn.com,ctftdxtxd,tfxctryityuop
mknkjn@ijjn.com,ctftdxtxd,tfxctryityuop
mknkjn@ijjn.com,ctftdxtxd,tfxctryityuop
mknkjn@ijjn.com,ctftdxtxdkkk,tfxctryityuop
mknkjn@ijjn.com,ctftdxtxdkkk,tfxctryityuop
sarina@gmail.com,sarin,I love you arash my bb juni
sarina@gmail.com,sarin,I love you arash my bb juninmmnmn
